{"full_sequence/loss_torque":26.013774871826172,"loss_joint/position/joint6":0.003885406767949462,"loss_joint/position/joint4":0.004408950451761484,"loss_joint/total/joint5":6.203454494476318,"loss_joint/total/joint6":7.717366695404053,"loss_joint/position/joint3":0.0036690293345600367,"iteration":3000,"loss_joint/torque/joint5":5.101716995239258,"_wandb":{"runtime":5193},"loss_joint/velocity/joint1":0.017757555469870567,"loss_joint/position/joint5":0.003438344458118081,"_step":3000,"loss_joint/velocity/joint6":0.10044781118631363,"loss_joint/torque/joint1":69.40607452392578,"loss_joint/torque/joint3":48.47174835205078,"loss/total":36.587425231933594,"full_sequence/loss_velocity":0.013954444788396358,"loss_joint/total/joint3":49.24933624267578,"loss/velocity":0.056956060230731964,"_runtime":5193.279647186,"loss_joint/total/joint4":29.48258399963379,"loss_joint/position/joint1":0.001140016596764326,"loss_joint/total/joint2":57.174137115478516,"optim/grad_norm":3.856013536453247,"loss_joint/torque/joint4":28.128755569458008,"loss_joint/velocity/joint3":0.041068658232688904,"full_sequence/loss_position":0.003669632598757744,"loss/position":0.0029811409767717123,"loss_joint/torque/joint2":56.885841369628906,"loss_joint/torque/joint6":6.324347972869873,"full_sequence/loss_total":26.520282745361328,"loss_joint/velocity/joint4":0.09129340201616287,"loss_joint/velocity/joint5":0.07579030096530914,"loss_joint/total/joint1":69.6976547241211,"loss_joint/position/joint2":0.001345100230537355,"loss_joint/velocity/joint2":0.015378671698272228,"loss/torque":35.719749450683594,"_timestamp":1.7775617324197884e+09}