{"_timestamp":1.7775564576232014e+09,"full_sequence/loss_position":0.0022437913548891968,"iteration":500,"loss/position":0.001457473596670974,"optim/grad_norm":0.6366746171677964,"loss/velocity":0.061081439181941664,"loss/torque":27.046894808240246,"full_sequence/loss_total":23.660423929985416,"_wandb":{"runtime":1120},"loss/total":27.80345655972676,"full_sequence/loss_torque":23.20658020388769,"_runtime":1120.687711689,"_step":500,"full_sequence/loss_velocity":0.022946459060880834}